<?xml version="1.0" encoding="UTF-8"?>
<beans xmlns="http://www.springframework.org/schema/beans"
	xmlns:xsi="http://www.w3.org/2001/XMLSchema-instance"
	xmlns:aop="http://www.springframework.org/schema/aop"
	xsi:schemaLocation="http://www.springframework.org/schema/beans http://www.springframework.org/schema/beans/spring-beans.xsd
		http://www.springframework.org/schema/aop http://www.springframework.org/schema/aop/spring-aop-3.2.xsd">

	<!-- AOP 설정  -->
	<!-- pom.xml에 aspectj weaver dependecy를 추가한다. -->
	<!-- bean 설정 xml 파일에서 aop namespac를 추가한다. => xmlns:aop="http://www.springframework.org/schema/aop"가 추가된걸 확인한다. -->
	<!-- java 파일에서 @Aspect을 붙여서 AOP를 설정한 정보를 읽어오기 위해서 -->
	<aop:aspectj-autoproxy/>
	
	<!-- AOP 메소드 설정이 저장된 @Aspect을 붙여준 클래스의 bean을 만든다. -->
	<bean id="logAop" class="com.koreait.springAOP2_java.LogAOP"/>
	
	<bean id="student" class="com.koreait.springAOP2_java.Student">
		<constructor-arg value="홍길동" />	
		<constructor-arg value="15" />	
		<constructor-arg value="1" />	
		<constructor-arg value="3" />	
	</bean>


	<bean id="worker" class="com.koreait.springAOP2_java.Worker">
		<constructor-arg value="임꺽정" />
		<constructor-arg value="35" />
		<constructor-arg value="산적" />
	</bean>
	
</beans>


















