<?xml version="1.0" encoding="UTF-8" ?>
<!-- DOCTYPE이 mapper인 xml 파일은 실행할 sql 명령을 입력한다. -->
<!DOCTYPE mapper PUBLIC "-//mybatis.org//DTD Mapper 3.0//EN" "http://mybatis.org/dtd/mybatis-3-mapper.dtd">
<mapper namespace="com.koreait.dao.MybatisDAO">

	<!-- mapper namespace에서 지정한 MybatisDAO 인터페이스에서 넘어온다.-->
	<!-- 메인글 1건을 입력한다. -->
	<insert id="insert" parameterType="vo" >
		insert into mvcboard (idx, name, subject, content, ref, lev, seq) 
		values (MVCBOARD_idx_seq.nextval, #{name}, #{subject}, #{content}, MVCBOARD_idx_seq.currval, 0, 0)
		
		<!-- mapper로 사용되는 인터페이스에서 추상메소드가 sql 명령으로 넘겨주는 인수가 여러개일 경우 넘어오는 순서대로 param 뒤에 일련번호를 붙여서 데이터를 받아야 한다. 일련번호는 1부터 시작된다. -->
		<!-- insert into mvcboard (idx, name, subject, content, ref, lev, seq) 
		values (MVCBOARD_idx_seq.nextval, #{param1}, #{param2}, #{param3}, MVCBOARD_idx_seq.currval, 0, 0)  -->
	
 	</insert>
	<!-- 글의 전체 개수를 조회한다. -->
	<select id="selectCount" resultType="int">
		select count(*) from mvcboard
	</select>
	<!-- 1페이지 분량의 글목록을 얻어온다. -->
	<select id="selectList" parameterType="java.util.HashMap" resultType="vo">
	<![CDATA[
		select * from (
			select rownum rnum, GG.* from(
				select * from mvcboard order by ref desc, seq asc
			) GG where rownum <= #{endNo}
		) where rnum >= #{startNo}		
	]]>
	</select>
	<!-- 조회수를 증가시킨다. -->
	<update id="increment" parameterType="int">
		update mvcboard set hit = hit + 1 where idx = #{idx}
	</update>
	<!-- 글 1건을 조회한다. -->
	<select id="selectByIdx" parameterType="int" resultType="vo">
		select * from mvcboard where idx = #{idx}
	</select>
	<!-- 글 1건을 삭제한다. -->
	<delete id="delete" parameterType="int">
		delete from mvcboard where idx = #{idx}
	</delete>
	<!-- 글 1건을 수정한다. -->
	<update id="update" parameterType="vo">
		update mvcboard set subject = #{subject}, content = #{content} where idx = #{idx}
	</update> 
	<!-- 답글이 삽입될 위치를 확보하기 위해 조건에 만족하는 seq를 1씩 증가시킨다. -->
	<update id="replyIncrement" parameterType="java.util.HashMap">
		update mvcboard set seq = seq + 1 where ref = #{ref} and seq >= #{seq}
	</update>
	<!-- 답글 1건을 삽입한다. -->
	<insert id="replyInsert" parameterType="vo" >
		insert into mvcboard (idx, name, subject, content, ref, lev, seq) 
		values (mvcboard_idx_seq.nextval, #{name}, #{subject}, #{content}, #{ref}, #{lev}, #{seq})
	</insert>
</mapper>



	








